<monitor>
    <name>WordCountMonitor</name>
    <type>managed</type>
    <description>Word Count Monitor</description>
    <monitor-configuration></monitor-configuration>
    <monitor-run-task>
        <execution-style>periodic</execution-style>
        <execution-frequency-in-seconds>60</execution-frequency-in-seconds>
        <name>WordCount Monitor Run Task</name>
        <display-name>WordCount Monitor Task</display-name>
        <description>WordCount Monitor Task</description>
        <type>java</type>
        <execution-timeout-in-secs>60</execution-timeout-in-secs>
        <task-arguments>
            <argument name="config-file" is-required="true" default-value="monitors/WordCountMonitor/config.yml" />
        </task-arguments>
        <java-task>
            <classpath>word-count-monitoring-extension.jar</classpath>
            <impl-class>com.appdynamics.monitors.wordcount.WordCountMonitor</impl-class>
        </java-task>
    </monitor-run-task>

</monitor>